"WAICi","amazonID","taskDifficulty","totalRound","correctNum","correctProp","AL6_annealing_indiv_log_lik_p2.5","AL6_annealing_indiv_log_lik_p25","AL6_annealing_indiv_log_lik_p50","AL6_annealing_indiv_log_lik_p75","AL6_annealing_indiv_log_lik_p97.5","AL6_annealing_indiv_alpha_p2.5","AL6_annealing_indiv_alpha_p25","AL6_annealing_indiv_alpha_p50","AL6_annealing_indiv_alpha_p75","AL6_annealing_indiv_alpha_p97.5","AL6_annealing_indiv_beta_p2.5","AL6_annealing_indiv_beta_p25","AL6_annealing_indiv_beta_p50","AL6_annealing_indiv_beta_p75","AL6_annealing_indiv_beta_p97.5","AL6_annealing_indiv_annealing_p2.5","AL6_annealing_indiv_annealing_p25","AL6_annealing_indiv_annealing_p50","AL6_annealing_indiv_annealing_p75","AL6_annealing_indiv_annealing_p97.5","max_AL6_annealing_indiv_alpha","max_AL6_annealing_indiv_beta","max_AL6_annealing_indiv_annealing","max_AL6_annealing_indiv_log_lik","AIC_AL6_annealing_indiv","BIC_AL6_annealing_indiv","WAICi_AL6_annealing_indiv","log_lik_n_eff","log_lik_Rhat","alpha_n_eff","alpha_Rhat","beta_n_eff","beta_Rhat","annealing_n_eff","annealing_Rhat"
123.603080269727,"A10BH9PYCYUKDJ","78%",70,31,0.442857142857143,-63.5993436419115,-61.6399322672513,-60.9790256013594,-60.6112368135794,-60.2813279291099,0.567584322574445,0.758312167581229,0.866359184486472,0.955914789836539,0.999805240889953,0.149871504089453,0.705735662843266,1.00588486501925,1.28443321088664,1.94569559965477,-0.310252709660652,0.784372644490284,1.4781876095649,2.1220483096499,3.47957525656741,0.851734658235821,1.27058633244853,0.943937564907509,-60.1896817875575,63.1896817875575,66.5624246506315,123.603080269727,1486.01836568983,1.00227199231168,1600,0.99971871197016,1600,1.00050597598935,1600,1.00034904206084
155.165526258104,"A10MH2GE01BXXE","78%",70,18,0.257142857142857,-79.3857143084259,-77.3988848146648,-76.9027169313666,-76.6099471693661,-76.2752672886915,1.07005207897874e-05,0.00728219682280343,0.0697215064311083,0.61390155405804,0.989466088519259,-1.19784331660947,0.0852480581374788,0.571183257470279,1.02473709504882,2.26990385073597,-2.37445218237018,-0.320349755551523,0.89416607610291,2.24093872363917,6.30198938697492,0.0180211557676013,-2.11987962427567,4.83799644086426,-76.1934774195192,79.1934774195192,82.5662202825933,155.165526258104,1543.91276457634,0.999413291221655,1435.54979195764,1.00070829294028,1600,0.998794101958541,1402.25385202103,1.00121853327892
39.2869024245024,"A115A6OQBJFVVS","25%",70,32,0.457142857142857,-21.4354908872405,-19.4175784457952,-18.617631154627,-17.9291937469621,-17.1889167026112,0.66449621503006,0.877865128532667,0.944100507722064,0.985730081791438,0.999798962573345,0.229584664270186,0.80658231848549,1.11635657359303,1.44866229944068,2.13430217764473,1.59674499364507,3.0758761700323,3.97194201444042,5.22521868614777,8.10693065093964,0.996533641807688,0.383259615734124,7.52009096972744,-16.9539319839917,19.9539319839917,23.3266748470658,39.2869024245024,1600,1.00044673914096,1600,1.00377641082829,1433.98195464106,0.999891598260623,1600,1.00017897611358
128.008043068321,"A11G1TGXX3YS24","78%",70,32,0.457142857142857,-65.384448958963,-62.0583829373441,-60.4660194423627,-58.9077804908517,-56.7520583010508,0.528205810831104,0.641763763319891,0.700604090918944,0.751504926789874,0.846453903525524,1.07172427626813,1.80112078783143,2.35489461105218,3.05290397002488,5.16988275436871,-4.8994565313542,-2.34779822393529,-1.29901265650109,-0.42952172053829,1.07117788216902,0.759033089585183,5.35759448708619,-5.28881619164028,-56.1096004262115,59.1096004262115,62.4823432892855,128.008043068321,1600,1.00106737878359,1600,0.999237063434453,1600,1.0000210815499,1600,1.00083950888832
46.3809995470131,"A126UU7IXRJC95","78%",70,30,0.428571428571429,-25.0892252491754,-22.886887476725,-22.2266835984385,-21.8025308923463,-21.3367427623915,0.838652798506714,0.939710262221387,0.978089922329285,0.994576940875437,0.999988028176941,0.00224273107114604,0.793345827212581,1.23325080388331,1.69078884619638,2.71807650425011,1.79356764920283,4.04634363650567,5.5103373175823,7.32658597989768,11.5402939530391,0.999996725182267,0.222082115997146,9.96569403250886,-21.20718199293,24.20718199293,27.579924856004,46.3809995470131,1387.40273790773,1.00015594946043,1300.57828285478,0.998081582445751,1460.36766269873,1.00139408807232,1600,1.00054423912965
33.1388986055223,"A12U7YNO0GKNKZ","78%",70,49,0.7,-18.8326689023125,-15.9137844677716,-14.9372952036409,-14.2229842866819,-13.6749186365059,0.77331701649993,0.909807583034914,0.966763997806547,0.992301815792711,0.999985406773556,0.709452945557838,1.76506334586865,2.53647475088978,3.57653474820404,6.1047069914994,0.741436645071546,3.55393378023937,5.63983001627636,8.28618479980714,16.8553725116972,0.96592148915024,4.69557779785703,5.87943854897114,-13.5928435818061,16.5928435818061,19.9655864448801,33.1388986055223,1600,0.999595467720922,1591.92585694975,1.00136410942061,1473.42178686954,1.00015770842058,1371.33530219833,1.00354816794425
72.5694768507936,"A13I8ASC3JQ04P","25%",70,56,0.8,-38.2859451711751,-35.9977627322656,-35.2688305940032,-34.7314279730195,-34.1162966052537,0.388844739897061,0.603358640870318,0.744267180283999,0.877360300935141,0.997322238658326,0.578535491402794,1.08308348405481,1.36511666408181,1.68162910362764,2.39100104849547,-0.633034455281336,0.525654737141988,1.20498710134641,1.76095862918038,3.0028994737952,0.64721410587218,1.88022471581493,0.053482078016998,-33.9620769258377,36.9620769258377,40.3348197889117,72.5694768507936,1600,1.00195954802731,1600,1.00075333231046,1600,0.998007910626584,1600,0.998374259712261
28.454040717975,"A142ZRU284W9O","25%",43,34,0.790697674418605,-16.2532794492804,-13.8412185780465,-13.0746443558831,-12.6031854216889,-12.1144606227691,0.0860110024536679,0.183070245724335,0.261582540350389,0.350554890277778,0.493148244871005,0.561744422738993,1.41813222647444,2.00053698467449,2.70016089364597,4.54058447961636,0.603735377667125,2.69103721340123,4.06640526706895,6.10767446600236,13.301887173714,0.258703914232955,0.678623946873078,18.9875211135443,-11.8700303850897,14.8700303850897,17.51183055863,28.454040717975,1595.15344194133,1.00227222423357,1531.35073089483,1.00305871377706,1471.09584057324,1.00295306302388,1434.88557287639,0.997628427431103
59.3048550467998,"A176SCS13Y7YOH","25%",70,54,0.771428571428571,-31.219070247705,-29.5858564249586,-29.0440032390984,-28.6791788767825,-28.4001187014538,0.477098491078143,0.689517327152583,0.819402436358635,0.930732775787746,0.998376222281783,0.302934145886557,0.863651080354151,1.18719994291908,1.49742662965518,2.24061367527194,1.04706053574708,2.42698354173472,3.28600725989594,4.29059302800243,6.60108234637086,0.832070955407115,0.870772968314517,4.5843031938491,-28.3256272068874,31.3256272068874,34.6983700699614,59.3048550467998,1389.78994502805,0.997561440613611,1449.9897092505,1.00076678645976,1600,1.00057718258824,1586.09308575568,1.00273600528512
110.51080932949,"A17J1CE7N49Z9D","50%",70,38,0.542857142857143,-57.2681329145692,-54.8779954571219,-54.2232034495284,-53.7920886576987,-53.0863389430949,0.00883153516030604,0.020919869804618,0.037681334266176,0.0688667312951585,0.244658602029202,-0.0419964279399013,1.06517378097247,1.6588813711058,2.25806269465728,4.14932442502548,-0.871054579806919,1.12974424304211,2.13991257870896,3.15253048725605,6.28299451370225,0.0470512493537208,3.92685030990435,-1.66384299815962,-52.5995232729419,55.5995232729419,58.9722661360159,110.51080932949,1600,0.999198750263275,1465.76569005367,0.999058317054488,1465.52795164188,0.99822231504585,1600,1.00367351408255
133.704969117446,"A17KIXJGFCB7ZQ","78%",70,18,0.257142857142857,-68.4856482103336,-66.0750084512281,-64.9668848801834,-63.8008018464703,-62.0802953571445,0.416252447493485,0.582989373117513,0.681392102794938,0.779381098333289,0.975947783902898,0.614683872854676,1.26600034356106,1.69462914196887,2.23440594949945,3.48967420509387,-3.24415811898507,-1.04478435773704,0.00765332597559643,1.02338027613024,2.70715530731121,0.659927598594927,4.21417605874355,-3.75529771914266,-61.3956138274262,64.3956138274262,67.7683566905002,133.704969117446,1438.18673742376,1.0031599625031,1482.88707188454,0.999745536192842,1342.0158646563,1.00370185172519,1456.70104439716,1.00230212320282
35.0344629927198,"A183WYXN12P2TJ","50%",70,35,0.5,-19.3484433791079,-17.3363937695269,-16.7019177778213,-16.3682679692089,-16.1045759926273,0.0780486036703362,0.188161619372775,0.263153887423886,0.368306526211881,0.557015244582472,0.759337393923894,1.46677904000654,1.86748202234426,2.30819164914663,3.42045265790808,0.371729082138937,2.30829406190852,3.274134758232,4.61327015284124,8.16374860784778,0.208492159226369,2.0987190989777,1.97344780625614,-16.0546187457445,19.0546187457445,22.4273616088185,35.0344629927198,1600,0.999877860152465,1421.97781149648,1.0003064164223,1600,0.999206109448648,1600,1.00154550548389
144.06899205515,"A19F72FI7KBTAT","50%",70,22,0.314285714285714,-74.0769796071305,-71.6928051459286,-71.0220975980593,-70.6943959626858,-69.9150922459146,0.00349731216646525,0.010121020213718,0.0250158502458964,0.12603462814753,0.707006688345682,-1.68413473499019,-0.330845941026853,0.580672876994355,1.5604007572819,3.1277746144369,0.069997371525895,1.76925581525888,2.71067127678991,3.76046331057896,6.92733515201359,0.16617488304297,-1.5356978981421,4.92180872499806,-69.4819216984128,72.4819216984128,75.8546645614868,144.06899205515,1600,0.999505424536929,1527.76716348477,1.00318048102967,1383.29799534934,1.00224356929582,1346.56968068298,1.00152884106528
144.26130915783,"A1ANSQX6FV17XM","78%",70,29,0.414285714285714,-74.0371023511471,-71.824484461499,-71.1188561353968,-70.6844886126003,-70.3172734379877,0.334955230399582,0.721577758510304,0.855487059229226,0.962710574264309,0.999680064163894,-0.306074317108383,0.346595655408308,0.660052542827163,0.971107935582126,1.67418013282449,-1.00905914550315,0.175286190457467,0.877113432392079,1.51033180542094,2.89456542463566,0.986469050005745,0.965480713650934,0.0752170115119801,-70.2738056947054,73.2738056947054,76.6465485577794,144.26130915783,1292.37630089592,0.999510170863616,1196.09310926386,1.00199629010225,1600,0.997604582366726,1600,0.998331058848752
148.381050957178,"A1B79AW7Z2QNHI","25%",70,23,0.328571428571429,-76.375997491551,-73.6221257376757,-72.927837818232,-72.490418204709,-71.9155178007225,0.00269302740634366,0.0119849016619295,0.0349014117866171,0.0889977769366865,0.653190927496484,-0.403440699432081,0.439531490631094,0.896890264782212,1.37395782689286,2.76431957756776,-1.38978665728893,0.0611342968338842,0.919802481017564,1.93088802507439,4.68353294748437,0.0259589582300093,2.77967924817705,-1.81444502610431,-71.7161047336592,74.7161047336592,78.0888475967332,148.381050957178,1308.93491240219,1.00082303125052,1410.95733060287,1.00280544907875,1600,1.00175575274387,1588.31670241036,1.00290059357615
60.9827394424251,"A1BE2EQFHHB22K","25%",70,61,0.871428571428571,-32.4286685029771,-30.240839074903,-29.350867171564,-28.6725080150485,-28.0066249151737,0.433238339638738,0.595823844810328,0.685779135331324,0.770834437877851,0.920211840033562,0.668414857170459,1.16988359077954,1.48378359964373,1.82364395469174,2.71140255113857,-0.918262128631469,0.577363696473961,1.2794057103041,1.97716400166425,3.16963004309271,0.688221192656857,2.24235618341303,-0.299428522575117,-27.8302965190987,30.8302965190987,34.2030393821727,60.9827394424251,1600,0.999987267195745,1600,1.0005541391807,1491.56353315484,0.999048248978115,1600,0.997975022249809
13.0454759679789,"A1C6BL1O5L5LA9","25%",70,38,0.542857142857143,-8.54919587572025,-6.23227596792673,-5.38829481294025,-4.88239948581982,-4.41285690748309,0.142930870152917,0.331867763758662,0.496722887794029,0.670448925285218,0.914440838491291,0.757844457013046,1.68641280112569,2.22660618429,2.92339331918286,5.02423634043609,0.284799492443695,2.48604170131339,3.74459548174944,5.67249048294453,13.0212241244543,0.596102582814592,0.826784782162392,32.4644087540622,-4.27759133595307,7.27759133595307,10.6503341990271,13.0454759679789,1546.73313919598,0.99768749081696,1435.31493236536,1.00143431505225,1547.07362836346,0.997548200833786,1156.15364465212,1.00407796171747
128.827123199709,"A1CE2XPYCDRHVZ","78%",70,31,0.442857142857143,-66.3892209034434,-62.7447774916719,-61.3440504677533,-60.1281382849336,-58.7162449302452,0.279835449561457,0.460018444736432,0.577814228773567,0.729452915818974,0.98947623182689,-2.84505257737483,-1.63472361945011,-1.10811042028394,-0.55929871774374,0.421240588710662,1.99461528313984,3.5238075473377,4.41563961816775,5.43446526755784,7.99500703594782,0.480843291618897,-3.07752834264225,8.45582540843763,-58.250921871559,61.250921871559,64.623664734633,128.827123199709,1446.41144243347,1.00256488151468,1598.58710412626,1.00089223351161,1514.36315045246,1.00058810473163,1463.10855090713,1.00057808770472
99.0700014410051,"A1CIRAH2RTE7G8","78%",70,51,0.728571428571429,-51.1509161498057,-49.4439127224612,-48.9381306010886,-48.6379807908209,-48.3928307418824,0.609208795033306,0.786966426662247,0.883451752603236,0.960014830512752,0.999749574678205,0.0310551067620514,0.667417727936652,0.984057541245536,1.31947169796727,2.06883499618171,0.714112643776804,2.10972308702227,2.93094120025212,3.75831955573911,5.78221934332923,0.869027596879281,1.05133877471688,2.84016755185277,-48.3550459345787,51.3550459345787,54.7277887976528,99.0700014410051,1394.6032346666,1.00259491467827,1463.19590373129,1.00292997522142,1548.04729942123,0.997250613375618,1410.30941884553,0.999005383622178
153.062962671553,"A1CR8SFRWFZL39","78%",70,28,0.4,-78.2843526367163,-75.7780972861885,-74.6257359692163,-73.1954614579505,-71.1998493040875,0.000240109439254667,0.174593786426522,0.282640579069438,0.619872425427669,0.99765274418438,-0.0351791766408427,0.744217792380654,1.15555371389675,1.59709842014344,2.58487174401499,-5.72832697073569,-3.30387116046476,-2.24865661050834,-1.16645791873076,2.2358036601388,0.207161967462527,3.01671682983039,-7.14207515698135,-70.6081202034003,73.6081202034003,76.9808630664743,153.062962671553,1298.00492264355,0.999690670833738,1504.99945596186,1.00006937639202,1600,1.00063880946179,1177.08329582005,0.999839300232514
72.8845945468586,"A1DZLZE63NE1ZI","25%",70,30,0.428571428571429,-38.702263164742,-36.1044910766584,-35.2883638869202,-34.7578612003838,-34.3046452288107,0.109500256833433,0.296818188867245,0.410364500499394,0.548572575446777,0.850397726300477,0.376470360072535,0.988174451186149,1.29730188002782,1.60298549831564,2.31313632965466,0.027472211590985,1.3430279792981,1.98893045465212,2.68201317945477,4.07663124358058,0.323510621464138,1.45357306035956,1.454961365051,-34.2108627084818,37.2108627084818,40.5836055715559,72.8845945468586,1484.73757872049,0.998383032491664,1600,1.00103872422447,1600,0.997306772252639,1600,0.998558398724416
63.0143897947528,"A1E4K9G6ZKPKX4","78%",70,34,0.485714285714286,-33.1937667201933,-31.0816686496568,-29.9666312361029,-28.9000854250754,-27.920659052868,0.0717618549638264,0.294069868937545,0.439263068389676,0.511853067960179,0.606547244013633,0.0863643363245848,0.748155015812049,1.09096468529203,1.48490431330315,2.48219138492592,0.639675371737563,3.75443933331187,5.99674804596978,8.0972602706997,12.493907248321,0.527219738593666,0.662595701352039,11.5043145281884,-27.6739346789934,30.6739346789934,34.0466775420675,63.0143897947528,1536.01783956308,0.999128480585965,1597.62734161412,0.997125215313247,1600,0.998389065243,1600,0.998263354986071
153.036248170177,"A1FF5C5BXODWSY","78%",69,27,0.391304347826087,-78.3583748259085,-76.2888342822144,-75.8219794100303,-75.4577412611423,-75.013060616851,8.93382302523862e-06,0.0121671963083497,0.341925597789281,0.731344952589857,0.996769298935477,-1.53808293574988,-0.183419029118325,0.292260147986472,0.75226926371201,1.94399746660615,-3.12079191440002,-0.195600941550608,0.740917679731092,1.78563501134549,4.99533037321536,0.0212676756963962,-4.79101732994752,4.89518259324769,-74.4690676505219,77.4690676505219,80.8202274074178,153.036248170177,1472.23276373747,1.00019057098943,1268.53434806103,0.999039666065645,1467.6909394813,0.999034642997461,1600,0.998351261465709
106.869416666127,"A1G8NSDKOSFEFW","78%",70,30,0.428571428571429,-55.6774151176097,-53.0742563435312,-52.4239446272734,-51.9514882403805,-51.3836381831792,0.60776155324924,0.834496776124328,0.924455066683612,0.978299485978064,0.999949121709052,0.170941413283415,0.873549452683704,1.23617394834253,1.67969166498761,2.63501891156156,-0.0543709330402635,1.61396002023401,2.41714713946772,3.2285310304068,5.17033487432669,0.997623160618025,2.14458066069849,0.477926952409985,-51.2674381324462,54.2674381324462,57.6401809955203,106.869416666127,1600,0.998503864207039,1473.19829282486,0.99757188020412,1600,0.999943116137338,1600,0.996600876301691
97.2446953268391,"A1GOTCAV0X9TRQ","78%",70,23,0.328571428571429,-50.600595869018,-48.2663855560361,-47.6477634517415,-47.2981401770041,-46.7910073082434,0.0502177939466071,0.0979723487208071,0.12514244460089,0.153657726338372,0.216031406571146,-0.560552565719653,0.536990134635514,0.981161174280554,1.45796891873739,2.74878694458477,0.0953221559235777,2.30241965263156,3.52097281216799,4.89064775798155,8.35689772355437,0.171219170174007,-2.9439510765081,11.2484126714867,-45.9104482581021,48.9104482581021,52.2831911211761,97.2446953268391,1475.8403108516,0.999158150589404,1569.40512461084,1.00010731314006,1548.83982458698,1.00247258231209,1587.79565635323,1.00511298398418
72.9312028982641,"A1H49IS4NJB5I4","78%",33,18,0.545454545454545,-38.0356803156275,-36.3468761538211,-35.9564356009862,-35.7007914434795,-35.1908159092407,0.000463145410960612,0.0426892593170596,0.411706672515032,0.856212600912642,0.998971338173943,-0.770302531623029,0.0740320286126649,0.525576200677156,0.916464068543326,1.98764209674838,-2.70793756763161,0.374939659662745,1.72852972144744,3.14237944302129,6.22942294254505,0.0120273870916447,-0.0599932766784824,9.65762112239308,-35.1242712034287,38.1242712034287,40.3690325456284,72.9312028982641,1566.86580509332,0.999044870078993,1498.29330116732,0.99970988247165,1580.28266506557,0.997459526462482,1600,0.998764743081164
77.9269722137821,"A1H6AZSS5DQ0KD","50%",70,20,0.285714285714286,-40.7536926106802,-38.7842728080031,-37.9762202621859,-37.2338633031253,-36.2192593853106,0.0485916031270454,0.543517555521394,0.743106716045795,0.861970175009103,0.996980736247391,-0.176159798268899,0.902743548789981,1.36937164778581,1.81440458717442,2.85887540484126,2.00113383854753,3.52879007167701,4.59886678565023,5.94959711719365,9.33037038247713,0.543573271745574,-0.254238440786403,9.73583680458035,-35.8113354960429,38.8113354960429,42.184078359117,77.9269722137821,1412.87040486414,1.00336757342608,1340.69207202788,0.998190632216273,1518.90465602844,0.999779215157269,1600,0.999695559983941
110.442170860713,"A1HVSYBRKRQHJQ","78%",70,31,0.442857142857143,-57.4512967059766,-54.7477371631445,-54.0923838590945,-53.2549566963891,-51.9745172282394,0.00901699987911647,0.0871003542371628,0.215741421901479,0.272953579358617,0.406064606251283,-0.768224744251567,0.0872289161963601,0.491724447765116,0.87680988920937,1.80020207903825,1.26882835333504,2.92623548191044,3.92901228076276,5.18579687415091,7.63963875463128,0.246118245272209,-0.9273654641227,7.6636835131866,-51.454151022775,54.454151022775,57.826893885849,110.442170860713,1517.62493856077,1.00522705595577,1283.7281327183,1.00035337026522,1391.96176429874,1.00207910803107,1483.25709985165,1.00206146470968
154.777789741664,"A1K8QNLYYYX21W","78%",70,23,0.328571428571429,-79.1661671391134,-77.3041431816857,-76.913786437793,-76.1591482292551,-73.9874276463445,1.65421057116697e-05,0.010602557988206,0.112812828864411,0.401018244345356,0.983038061584252,-3.4210759157729,-0.445299230636395,0.30407133605284,0.809753926710301,1.9063874763738,-4.86544116673539,-1.29502858096628,-0.0502504180247456,1.52530666305523,5.45919625250217,0.105721981760127,-3.68810847698532,1.90437354186793,-73.4440037329098,76.4440037329098,79.8167465959838,154.777789741664,1600,0.998131208643332,1600,0.99871026458122,1443.68037334767,0.998457333495236,1497.49526026507,1.00139528562138
155.464648416139,"A1KR7X0BSCEDV6","78%",70,22,0.314285714285714,-79.3240997873342,-77.5460600205295,-76.9991469779242,-76.8245092335559,-75.4772175279023,1.68118457700836e-06,0.00345852459374806,0.0606024453129306,0.42425113304147,0.98997816067675,-2.34550467218593,-0.314588324524425,0.241990955471062,0.767253083075424,2.2128888878206,-3.96376019829142,-0.919482576058127,0.141905516207671,1.58050026196981,5.40686716283173,0.0387590404957561,-5.03269246077265,4.21969365079992,-74.657068777243,77.657068777243,81.029811640317,155.464648416139,1527.92195594013,1.00081825778252,1464.80826662658,1.00010519379168,1174.97205150295,1.0061020511718,1417.65087242977,0.999652685473888
87.8498589691269,"A1LJ4WAEDGELVL","50%",70,49,0.7,-45.8168510548622,-43.7131163580276,-43.174669018301,-42.7941144397896,-42.4280669912941,0.646319745530705,0.806000049138034,0.883062165848157,0.950158487333309,0.999773104773545,0.409326119816766,1.09486898023448,1.47880998138314,1.85290226545902,2.64888717806565,0.832830092510398,2.19698772653643,2.91358659179888,3.74942341282775,5.59342586583462,0.860561319988248,1.45485982957338,3.12606694560571,-42.3636655752706,45.3636655752706,48.7364084383446,87.8498589691269,1316.14791906186,0.998881290103975,1600,0.998537431275591,1600,0.999061173593493,1600,0.998237287831815
51.4825393422311,"A1O0QLF543UTYK","25%",70,28,0.4,-27.3994694003915,-25.7281342579319,-24.8414337155511,-24.1383956845187,-23.1860535152708,0.107404510186333,0.57706749404837,0.768198905175673,0.915326872638035,0.998123315283908,-0.377868004586904,0.389945253347502,0.752129825528646,1.10508045980547,1.93878562356591,1.62126413687029,3.06875713262339,3.99424595569275,5.30828574431779,8.38525062258481,0.712528976900425,-0.552016315822401,9.30233631065239,-22.8679208027466,25.8679208027466,29.2406636658206,51.4825393422311,1378.67324731983,0.998403490337197,1600,1.00068804901572,1600,0.997468547956362,1600,0.998609119193917
40.6363302546276,"A1OSBPDYPJU3BX","25%",70,30,0.428571428571429,-22.4758812235332,-19.7902298813499,-18.8679065548478,-18.2753910054422,-17.5847637747924,0.073280994937132,0.176023309521359,0.269075092682747,0.423079280833132,0.776695229950061,-0.0302328608341115,0.935014368707817,1.41600573514365,1.99607217302222,3.76706693590794,1.18660957560471,3.01159055246532,4.42083637890535,6.11175351239827,11.7924847448538,0.308756441051958,-1.69845955375802,18.5002276586603,-16.6462887974244,19.6462887974244,23.0190316604984,40.6363302546276,1523.36102819147,1.00036630341432,1403.59819301128,1.00041754447993,1357.97098076562,0.999566043700568,1479.96650033234,0.999527222678423
107.30238461077,"A1P6OXEJ86HQRM","78%",70,32,0.457142857142857,-55.4604562688647,-53.4651421776581,-52.8643834924613,-52.3801610524512,-51.9605840098759,0.628158516734478,0.769558220530207,0.846165785959997,0.925636710239814,0.999467633470618,0.0797022773488124,0.745511619213679,1.09228944322313,1.44870631024967,2.25934398470512,0.680924618540404,2.43630390558652,3.37562365386989,4.44174568858763,6.74223041784173,0.789221037095151,0.77461939340998,4.7549359177562,-51.8731684712472,54.8731684712472,58.2459113343212,107.30238461077,1569.17769989405,1.00083421703714,1518.14157647796,0.99779042788288,1600,0.99926876877623,1600,0.998375078037419
117.83246980658,"A1P8M5BKOTAA8I","25%",70,41,0.585714285714286,-61.0630563145906,-58.4812914701414,-57.6436007983462,-57.104318055205,-56.606601880986,0.689477254398756,0.888734946274952,0.952424585437008,0.984043812247101,0.999783678510076,0.0766722688333444,0.586889659631846,0.843388304289793,1.09994184111234,1.61290791804101,-0.800726703465322,0.0466321820414294,0.47952030682947,0.908631882404563,1.89124352817422,0.999831534329938,0.887635877173634,0.335126098312584,-56.5007460759345,59.5007460759345,62.8734889390086,117.83246980658,1600,0.999893654803218,1580.47741124547,0.999019221871342,1600,0.998689497735144,1600,0.998321517292294
133.49615804715,"A1QHJGHKDIG3T5","78%",70,28,0.4,-68.4564107730582,-66.5873838182599,-65.9473109116601,-65.6413801534947,-65.2970246924769,0.484570181552756,0.709581570721484,0.838512487579459,0.946575396964431,0.999661361934479,-0.262927903518151,0.419819140648223,0.722259019822328,1.0162942240426,1.7258889987343,-0.0229756592124798,1.10937909678442,1.74083208936601,2.42846157200623,3.7606547434018,0.799175616791993,0.749447805446671,1.63855926630997,-65.220430131325,68.220430131325,71.593172994399,133.49615804715,1403.5233668814,0.997668973213955,1512.23849927754,1.0017251923238,1592.28412536786,1.00005804968878,1600,1.00042312747867
151.273337414165,"A1QTQISKEHWSKZ","25%",70,11,0.157142857142857,-77.0591033463478,-75.2993917887205,-73.6047605175468,-72.8583327674473,-72.2934312174166,0.000890560315210686,0.415333574576195,0.73613770790248,0.903480873865512,0.99841756965601,-0.652825272430989,0.103951031826634,0.415979756986004,0.768734308468255,2.21826127591031,-2.54960111470701,-1.62257531378496,-1.0691548983886,-0.289888792188386,4.04794168056989,0.999996133709631,0.220728821877497,-1.07524354387898,-72.1562959331529,75.1562959331529,78.5290387962269,151.273337414165,529.231108510228,1.01785367377946,401.864641945172,1.02081299553813,868.380741401785,1.00840479105742,416.609819660178,1.0179046281447
86.6132050982772,"A1S6QWSCBRYSFZ","25%",70,51,0.728571428571429,-45.2635075097862,-42.7785791310191,-41.8295393395606,-41.0890461890234,-40.3535127967353,0.587793335339752,0.814382379189427,0.909809860056267,0.969827294979866,0.999538944711864,-0.593767353047559,0.00323403563861308,0.305793186457047,0.596640427581386,1.13671150050033,1.31911519199159,2.45749633231782,3.14403127804187,3.90904609701995,5.53625318741347,0.984676738145559,-0.317205200099554,4.71744234226485,-40.2133521386833,43.2133521386833,46.5860950017574,86.6132050982772,1600,1.00118519345954,1600,0.998197099032597,1600,1.00078343255168,1542.73494117498,0.999920510069724
120.597881569948,"A1UL0HQUZQPMSX","50%",70,7,0.1,-62.3691917221094,-59.3374468510611,-58.0681188460516,-57.0190635607763,-55.8014057513285,0.0510452638255678,0.0954249059553721,0.117727738934645,0.141839009939174,0.217824484435895,-1.55463620416216,-0.481840497147723,0.163907691775472,0.770982969833751,1.77346037430317,1.5415723581628,3.0002526544901,3.93229662037427,4.93052331317062,7.19534895124421,0.134616391793385,-1.58853210889817,7.14833175937366,-55.4684957210489,58.4684957210489,61.8412385841229,120.597881569948,1372.31247295009,1.0026829180393,1600,0.998838165964369,1600,1.0008384064792,1600,0.998392521240828
63.1944088411099,"A1US9EJYVBJG4E","50%",70,22,0.314285714285714,-33.6552285226285,-31.225686757655,-30.4953864285338,-30.0061253002701,-29.6030333220248,0.276246521762281,0.407947512006357,0.482290667843695,0.558924264561152,0.722389788700741,0.42641238889002,1.1812996143825,1.54480311251517,1.93783646275987,2.76295145812502,1.45388062131659,2.87311741749725,3.73248183970742,4.61398914496051,6.67331931135851,0.465799078547838,1.28071980936284,4.64950283469622,-29.5118223584342,32.5118223584342,35.8845652215082,63.1944088411099,1507.89944073002,1.00203630676081,1459.15538427566,1.00193149056324,1547.92695528825,1.00187073939412,1600,1.00187390607236
154.633575277253,"A1VB3EK8F51GF0","78%",70,27,0.385714285714286,-79.0455465871611,-77.1510060296318,-76.7778916409764,-76.0743134437832,-75.273245960456,1.87157964684056e-05,0.0895334823372586,0.335075684876016,0.599659582783367,0.989319533455812,-1.478522401896,-0.326821165442765,0.164008268602777,0.644627155046744,1.65627200649138,-1.66863010124233,0.477355879484457,1.22877716360624,2.18852043781459,4.70040764468735,0.305143267106749,-0.842842370844234,2.61684909575947,-75.1162938210668,78.1162938210668,81.4890366841408,154.633575277253,1449.31062716531,0.998109323666877,1265.65072628682,1.0009762937314,1279.78133809353,0.999658925649689,1562.53590817774,1.0003244644425
119.497325651043,"A1WPAUE93BXV43","78%",70,31,0.442857142857143,-61.7443310073498,-59.5517447953594,-58.6839766011225,-58.1136946553954,-57.5442345092499,0.694085812834909,0.871747733252728,0.942988576831189,0.986186959420519,0.999966353364296,-0.54842267985518,0.0905827328173775,0.450848022770974,0.7647710993922,1.37242109335131,1.49166726312297,2.87555733620126,3.70521388116112,4.60259301751925,6.29183187182143,0.999464366550366,-0.16472754159003,4.89621973152883,-57.4502935742184,60.4502935742184,63.8230364372924,119.497325651043,1481.6605641038,1.00026651998876,1600,1.00256666098412,1593.99792382915,1.00006860741078,1448.90376823639,1.00230802018983
22.6144693540987,"A1YGSYTOGXCQY7","25%",70,36,0.514285714285714,-12.9617751067291,-11.3184058280024,-10.7241079932984,-10.241225616316,-9.55477894329645,0.139190312386169,0.591756382479277,0.79517587080487,0.918999954551822,0.998288614733424,0.605190185348038,1.20731813955738,1.58595020771542,2.06524620122596,3.15287930693371,1.20659085220484,2.93982110968758,4.1930586528876,5.71935844907028,10.7941101912428,0.914135809998949,0.659072110692299,13.2475260357617,-9.19458045282168,12.1945804528217,15.5673233158957,22.6144693540987,1449.88791537115,0.998323293896826,1310.43495539402,1.00039989741388,1565.60432343081,0.996787644255563,1509.25890748658,1.00237420168453
88.0186964822924,"A1ZF2GZ2ZRV8OY","25%",70,43,0.614285714285714,-45.903824450549,-43.8267697947622,-43.1271374765997,-42.6132812143963,-42.0809844702836,0.463900218284378,0.669951434266217,0.787933582151742,0.897618093570696,0.997529752174788,0.421077824991865,0.885384248250554,1.17271075464712,1.50515769633458,2.15583195101832,-0.576836261659829,0.590512496640563,1.21098711646303,1.77763555294271,3.04835714025465,0.747572227473714,1.70157817178978,0.145490399240955,-41.9802092448631,44.9802092448631,48.3529521079372,88.0186964822924,1600,1.00113881546599,1600,0.998204228229384,1600,0.99756062155125,1600,0.996733129190925
105.621370109462,"A22MNN3ZTBSAY3","78%",70,28,0.4,-54.7305407671877,-52.6289229465552,-52.0458398329971,-51.6498770852323,-51.3082963809463,0.600458375787438,0.787607882583337,0.890293443254388,0.965522015996656,0.9997532266661,0.396493495680368,0.971374143429724,1.35525883201918,1.75049738822875,2.59966121286991,0.133470099037743,1.88719944404501,2.73887084962495,3.57012553415542,5.46461758204764,0.881112002580503,1.97366222967918,1.69603970949737,-51.2025803600465,54.2025803600465,57.5753232231206,105.621370109462,1557.46344404285,1.00066883292645,1585.16265708767,1.00031207812328,1527.56309679671,1.0040537022087,1553.47384353685,0.999789757960678
36.6625582431689,"A248ARSA6FS20S","78%",70,33,0.471428571428571,-20.0723440172963,-18.0795915318968,-17.5569672077101,-17.3322223733939,-16.9925933141095,0.0378078715409344,0.0908241096910418,0.138126873051428,0.190577469131841,0.314289159548391,0.052986240423352,0.925929986409433,1.38832821774837,1.88989940927342,3.21077819309197,0.939973786229146,3.32561047144657,4.77006852653334,6.52415852420939,11.8577093584006,0.276042515097718,-0.788105220840239,18.6442797190621,-16.5850208379441,19.5850208379441,22.9577637010182,36.6625582431689,1600,1.00010186030219,1457.78592469711,1.00242979052652,1600,1.00064472777199,1600,0.998855034913317
115.352994315858,"A25JU9QH52Q850","25%",70,44,0.628571428571429,-59.6362933757459,-57.4489969219068,-56.7748941115536,-56.3765713456783,-55.9926180542995,0.317829869726476,0.58734948589257,0.764057069378438,0.90475037649861,0.99630876948981,-0.438703138944471,0.0978039638054135,0.384383893237664,0.652973699787507,1.24298456227394,-0.0623274144396152,0.782800263094383,1.23556090302148,1.72919489210811,2.74015255715641,0.806152022485947,0.164488578952919,1.55719273054386,-55.9262314968049,58.9262314968049,62.2989743598789,115.352994315858,1600,1.00212474461341,1586.26324222093,1.00203399794345,1557.8575831184,0.998181499501733,1545.00372695475,0.997496660389269
73.5881963649844,"A268SWOS479FCX","78%",70,52,0.742857142857143,-38.932776249812,-35.8834617474694,-34.7396321956565,-33.6809954156798,-32.0488716820144,0.333105252604638,0.412067025399332,0.46478367083675,0.539989241597619,0.738668098624218,-0.816106613901083,0.139112340294871,0.562916756930312,0.965711885194813,1.71155694975095,2.99954512705546,5.03396299842425,6.52906703671285,8.34691909716837,12.4060859078256,0.433885577232497,-1.73079983758385,14.6748342589841,-31.2007406171184,34.2007406171184,37.5734834801925,73.5881963649844,1600,1.00345130641829,1600,1.00112679279447,1600,0.997672330496179,1600,1.00370865075281
152.923165996716,"A26XN1TM6CV01T","50%",69,23,0.333333333333333,-78.2379616539022,-76.242192177705,-75.8746428571619,-75.8003045574125,-74.3685494262387,2.85205489538232e-07,0.000552599639997232,0.00387445590822072,0.0324976962893849,0.811727805350976,-3.28001992214355,-0.595237037215209,0.672706712798881,1.6093614277293,3.52439299906352,-2.93854090740184,0.302975057325628,1.75892793115431,3.17337437937123,6.66731137053269,0.0215380331207269,-7.3476762626712,6.68839791596932,-73.7636375419622,76.7636375419622,80.1147972988581,152.923165996716,1542.97400392306,0.996821896691832,1568.39477110545,0.99836670860514,1371.29455532597,0.997934269682939,1600,1.00136522273495
95.987797499934,"A27W025UEXS1G0","50%",70,36,0.514285714285714,-49.7348445561286,-47.839918330795,-47.2316695110723,-46.7415037464309,-46.1657454327409,0.589736547448452,0.773460359830353,0.858812385969044,0.937861873802152,0.999128647832525,0.0349201907858853,0.898575999971662,1.29165916991896,1.6779070489946,2.41288608156503,1.19946268248248,2.74811515820753,3.58791090739938,4.54131687363215,6.65762220396572,0.833634876088659,0.681671488480115,5.21380590182958,-46.056015931392,49.056015931392,52.4287587944661,95.987797499934,1600,1.00135027956543,1332.6668537271,1.00114949537658,1401.37504519298,1.0019035898674,1600,0.999931415901678
123.399216835319,"A29CKVKSYJXIQ0","78%",70,31,0.442857142857143,-63.5306973059422,-61.4338014508637,-60.7566510619096,-60.3049345629284,-59.9458593217645,0.680906442392047,0.853956028315658,0.936695925139757,0.984291375985566,0.999968155921599,0.164446185549785,0.828325869832242,1.18793552188652,1.5618258115477,2.48386212982509,0.00235020846936892,1.50245660697674,2.21230858350418,2.99455509495035,4.65530649465174,0.976217153701722,1.61468485978,1.182880576688,-59.8980035225429,62.8980035225429,66.270746385617,123.399216835319,1600,0.999987876686288,1516.87047345742,1.00044738849162,1445.88166519279,1.00009382818788,1600,1.0002692824879
54.2721501100261,"A2B227N1NQYS56","25%",70,32,0.457142857142857,-28.9774743424572,-27.0136471328305,-26.3696727959408,-25.8548768763409,-25.4115832535786,0.057654370810166,0.458207928333357,0.662760875391025,0.85107918416247,0.99652162870763,-0.0613758454990155,0.493637021868873,0.768258540469366,1.05653312968325,1.72804303613651,1.21806737490287,2.41365489999767,3.16507704977406,3.98998291502615,5.81288278942014,0.617831047507179,0.383176498109449,4.36193139418191,-25.3143260876141,28.3143260876141,31.6870689506882,54.2721501100261,1586.50951455816,0.998439606576362,1446.89188702302,1.00038184293384,1376.05278392511,0.999609348530386,1522.73503528054,0.999966444099478
70.9973678105566,"A2DPD0ZZQ437JD","78%",70,57,0.814285714285714,-37.6058085450499,-34.9403741622593,-34.0105618256171,-33.3638199257275,-32.7911041957038,0.347935194030242,0.421556618317992,0.459484658363605,0.500192440862361,0.620080768421916,-0.0501805921589931,0.645541088089287,1.00892511180016,1.34511460382804,2.09928960661379,2.45406417398031,4.18620363623876,5.36533229293084,6.75449409139497,9.79298857679577,0.463802796074321,0.338386006770357,8.50393071731137,-32.6318046692751,35.6318046692751,39.0045475323492,70.9973678105566,1600,1.00340344329849,1600,0.999870993395421,1600,1.00303629474193,1491.1953166594,1.00451310123385
135.098533096707,"A2EASYYCE5BTRX","78%",70,27,0.385714285714286,-69.4811067617567,-67.2319216954125,-66.3354723232395,-65.6207190137673,-64.8016516690915,0.410013184784446,0.711936385361977,0.85176396000661,0.95170244379147,0.999664964913357,0.103134136705335,0.837635473652323,1.23960429486137,1.66151381766366,2.64990792043276,-1.32831408849909,0.210842742430336,0.900942828584878,1.69908348787139,3.58872754865885,0.892756201933679,2.4490478391214,-1.111937480078,-64.5251039203103,67.5251039203103,70.8978467833844,135.098533096707,1600,1.00010468040387,1600,1.00001152363929,1600,1.00388355903524,1600,1.00262769087874
146.015771891975,"A2EPI9A2N9OP3J","78%",70,20,0.285714285714286,-75.2580900389041,-72.3802877670593,-71.3496695803924,-70.6484742233317,-70.0344192921774,0.483745189411188,0.845958944737936,0.947173652899252,0.9871012753575,0.999967362129457,-0.0305190060879772,0.565732038519945,0.877125081600337,1.17168033319187,1.74307089776175,-1.66584284006817,-0.540393726490549,0.0230270620959621,0.65638390264561,1.84913097993538,0.999084331572379,1.2497427856768,-0.78205230061618,-69.91710788806,72.91710788806,76.289850751134,146.015771891975,830.483142065869,1.00248838892345,699.063227154634,1.00784071827749,1413.31796718832,1.00040632945334,1423.23863015737,1.00030251170844
77.1645003165957,"A2FH1TQLYUUDA6","50%",70,42,0.6,-40.5707772657051,-38.3375511678288,-37.635387355807,-37.0991445405349,-36.5133432733899,0.603041886006899,0.790447317892401,0.87943800428319,0.955296672410208,0.999853080140583,-0.304443570560392,0.507881523455827,0.884599488224349,1.2788876277967,2.00572500957623,1.38827522098774,2.85020867092992,3.77246687916425,4.77962026901328,7.33064430376769,0.825310867368596,0.232315160375368,5.48193740864886,-36.3639808415299,39.3639808415299,42.7367237046039,77.1645003165957,1348.80860087759,1.00090457315417,1473.4236544011,0.997055097161542,1586.90041776074,0.996927262929869,1600,0.99922097889411
64.7837244381424,"A2G6074KBB11TH","25%",70,54,0.771428571428571,-34.2555099914822,-32.184054979702,-31.5859077002837,-31.2610243771988,-30.5673862573265,0.280080948320732,0.48063219855809,0.69817356037404,0.898970331680657,0.998389735467192,0.297963499690042,0.802728187356083,1.07118666200075,1.38453369536745,2.03303153280191,-0.0820241703665338,1.16561286585062,1.8353109701434,2.51857545089821,3.96063443120062,0.342205665224228,1.74905400648219,0.416264811612405,-30.2745384042618,33.2745384042618,36.6472812673358,64.7837244381424,1531.59462742729,0.998426759720356,1600,0.999963566991171,1580.63392316995,0.999628633276847,1471.2493523724,1.00104572660968
28.2092156321578,"A2GTJ0BD4CG1A2","25%",70,36,0.514285714285714,-16.1976828579068,-13.5262869748274,-12.5763599527883,-11.863857486358,-10.9163137956402,0.0566521358178815,0.130512441639978,0.184088670819985,0.25302637511937,0.430137949498599,0.504086572372758,1.5921828102236,2.36211571982605,3.26381443785432,5.49236600414473,0.72366947516541,2.90926754561676,4.57707469408298,7.2774850435349,21.3352675574761,0.193364258132741,-0.233430852181658,32.2160370483587,-9.99329418909539,12.9932941890954,16.3660370521694,28.2092156321578,1492.12932976166,1.00068818778883,1600,1.00010842150586,1358.68897527963,1.00002906056172,962.091447454843,1.00254471774509
73.3060305801131,"A2HBI8BAE2C5QH","50%",70,56,0.8,-38.6797947716484,-36.3703119629881,-35.6478243399133,-35.1688068024489,-34.7396975766352,0.528035442393321,0.643497753940444,0.706395235740916,0.767276515667404,0.901419438634188,0.734818407209188,1.48218641402893,1.84876459898769,2.27352129508775,3.16021392178132,0.237515029763688,1.74568813185153,2.51014326483021,3.310785868481,5.04583956866306,0.719004385141382,2.43777282870849,1.39474098290828,-34.6461258116613,37.6461258116613,41.0188686747353,73.3060305801131,1431.41478961926,1.00264264858806,1173.67034050344,1.00479870935189,1600,1.00282958827562,1600,1.00087259597064
35.3766885427188,"A2HGRSPR50ENHL","78%",69,32,0.463768115942029,-19.5512588993177,-17.4301169313079,-16.7652728165332,-16.3417639413693,-15.6760209543573,0.0349143367345217,0.0801292532629927,0.116175388504204,0.162739045849208,0.311883917031941,-0.150504365204414,0.775422653544796,1.2404448203703,1.75431776693171,3.36045607556882,1.38572687321485,3.78750297077644,5.40153682581928,7.59170319490779,15.1897851834995,0.162818656793929,-2.75946797067288,23.8653133637614,-14.733105632629,17.733105632629,21.0842653895249,35.3766885427188,1600,1.00301094414261,1600,1.00093806869279,1513.02583587783,1.00057062379514,1424.30247579233,0.997779861977745
19.81426828089,"A2KILX22PTLDP5","25%",70,64,0.914285714285714,-12.0093835939113,-8.52857669416646,-7.21166088255602,-6.01662534073896,-4.56483575467328,0.368654566090875,0.615379053199682,0.758482679845823,0.910889872833169,0.999278747104573,0.919041533957058,2.56805620023422,3.77081107822201,5.53186852117279,11.7785855630585,0.0876985118536587,2.32800338940477,3.79287010327924,6.21880344033794,18.6007933712253,0.713314931777921,15.1430436815853,4.25517385503793,-4.24786543648752,7.24786543648752,10.6206082995616,19.81426828089,1527.01773064771,1.00096089794918,1551.87245298571,0.998536589211492,1438.79372027437,1.00031439793644,1302.41292936563,0.999407608785039
141.265620357757,"A2L9B50FTW82Y6","78%",70,13,0.185714285714286,-72.8715605943439,-70.1196367238298,-69.2337529771764,-68.6903063855163,-68.1989431677286,0.0790331879704798,0.162868326583941,0.214444943068802,0.279022216440053,0.481996865510502,0.153620738616062,0.695055307165652,0.954897195565662,1.240079735855,1.87830229712877,-1.35407287176812,0.00474563428891933,0.697681230817579,1.35907464551184,2.5963069545076,0.185743544503559,1.14093686929128,0.142936539376741,-68.084619754692,71.084619754692,74.457362617766,141.265620357757,1318.30009469082,1.00553495280681,1489.32747862174,1.00397574386859,1566.34973026207,1.00104895384171,1554.55625693248,1.00069802738158
145.416733753901,"A2MG1LLIKMGAMX","78%",70,27,0.385714285714286,-75.0666778851246,-72.0994651881497,-71.2486684653086,-70.6628505223369,-70.1589759930098,0.484004218135771,0.829528119962541,0.928707032925582,0.983487149256356,0.999926164148935,-0.0851350836757824,0.609774810623945,0.956887010708608,1.33859125401434,2.19143430805222,-1.4815862923063,-0.219508894154312,0.425686260562473,1.05544162980231,2.2808759187806,0.998718941328951,1.45945663822039,-0.44325177323217,-70.0664198290733,73.0664198290733,76.4391626921473,145.416733753901,1496.55713455097,1.00208771980314,1382.38307655034,0.997264248317475,1567.23417020364,1.00217459269803,1481.92444649122,1.00167238208625
95.3304915356607,"A2NU7L1HSP7URF","50%",70,37,0.528571428571429,-49.9660281341222,-46.8772284825231,-45.8992417940323,-45.2011533639333,-44.5472005562526,0.809236074237925,0.943743041320727,0.978882522094191,0.995579323297474,0.99998832600248,0.7586904861786,1.40839284322011,1.7801108270108,2.17972311816842,3.13303980001192,-1.80052308445318,-0.313027490724341,0.342223937102413,0.995156891323295,2.16005345526739,0.999429988211443,2.37469355889569,-0.819043114203506,-44.4136850594153,47.4136850594153,50.7864279224894,95.3304915356607,1600,0.998774648174029,1572.63301496691,1.00010625315697,1600,1.00090414871412,1600,1.00049774154644
120.068288758857,"A2NX7CFCV3MUOS","25%",69,45,0.652173913043478,-62.0475758922432,-59.5158753159651,-58.6557824086064,-58.1277999770374,-57.6133111061602,0.415002515347111,0.812788184150237,0.921562555260963,0.976605379542677,0.999793875933036,0.200836057610923,0.630727890312528,0.89287691585271,1.14986143852407,1.63005490264568,-0.917181123484302,-0.111258155163775,0.291502492141842,0.734935725538863,1.60814435589088,0.999999670292551,0.994167655843736,0.0824086212762711,-57.505986584343,60.505986584343,63.8571463412389,120.068288758857,1477.90723896556,1.00243241928675,1545.51672721533,1.00087567500716,1565.53048868774,0.997682373693044,1600,0.998531792470461
145.420396122394,"A2RDNYV4SH5E89","50%",70,30,0.428571428571429,-74.4554820841175,-72.5161596141158,-71.9960287887426,-71.2683150601636,-70.0510921461261,0.00606959455355389,0.0216752539266758,0.05381188306343,0.150261213306153,0.729093591745523,-2.31992546958779,-0.662693998563987,0.32287565746634,1.33201698539555,2.91886038436582,0.220891785231772,1.76426609715177,2.6548087251456,3.6852113196985,7.00539451143037,0.111997852808347,-3.38270462495754,5.72270462094527,-69.6190643736786,72.6190643736786,75.9918072367526,145.420396122394,1520.28916335055,0.999730938846572,1461.78767186295,1.00766629954518,1366.61471857178,1.00185539626212,1515.18815554327,1.00022484633522
28.1703620433597,"A2RMJNF6IPI42F","78%",70,33,0.471428571428571,-15.988773336342,-13.8142117973708,-13.1886968807938,-12.76317179755,-12.0829271807953,0.0488832419979173,0.108054027693591,0.154479362050961,0.211196216808975,0.33968259866044,0.16019311679694,1.0453087186404,1.55963012565084,2.17414034835737,3.83563889402958,0.943026277143923,3.70725665379936,5.77798486493852,8.45959658916018,17.6891957717256,0.267666760029007,-0.231253177228501,23.1158089025708,-11.4569190768196,14.4569190768196,17.8296619398937,28.1703620433597,1582.46281299845,1.00169583197936,1600,0.999322736156644,1600,0.998648470651106,1531.39826340826,1.00218890086305
114.21076040604,"A2SZ9Q287HSOCL","78%",70,32,0.457142857142857,-58.980560787723,-56.9401972023379,-56.3486126635353,-56.0112340582527,-55.6538585248046,0.608226621811448,0.773215259524302,0.872650259609846,0.955261623808325,0.999816233778707,0.148751323186828,0.758101513890241,1.1060495485606,1.46078396431817,2.28439490645755,0.114657332928876,1.50404311674161,2.22463019190508,3.01012623577108,4.50184564593173,0.841614226938578,1.39830711418874,1.81711847978417,-55.5625687701421,58.5625687701421,61.9353116332162,114.21076040604,1600,1.00377551056088,1600,0.999057448779088,1383.7792725843,1.00066736727309,1600,1.00039232361373
96.3680950493377,"A2VX8B1CJXRN2","25%",70,49,0.7,-50.1427898598532,-47.9116374350138,-47.1092413127401,-46.5462737640763,-45.837401041105,0.333030901590048,0.523411087976122,0.728822374853036,0.9143136183135,0.998730727184672,0.569195707628421,1.08819329754456,1.3625604666129,1.67606147603996,2.36947269130031,-1.25825409396893,-0.137947884490994,0.535243884028164,1.17754206174968,2.50236582206893,0.99303435339069,1.96292769307805,-0.970155111857482,-45.5565473230638,48.5565473230638,51.9292901861379,96.3680950493377,1600,1.00064770591715,1542.85735680472,1.00006981767756,1600,1.00451872795387,1600,1.00175794325084
103.604503404551,"A2VZ8PX50FB2IG","78%",70,46,0.657142857142857,-53.6829432811728,-51.4848915956293,-50.5286217564998,-49.877198719545,-49.213282246647,0.357884414393758,0.498900170248341,0.604393617871985,0.728984807368096,0.978956870431885,-0.255850128875508,0.383330863447734,0.750724106672058,1.07158572546313,1.77835186815399,1.64661605170353,3.31681345775257,4.27564427720013,5.24423193079593,7.30446853014353,0.478745527778941,0.0644982940798069,6.51379446265098,-49.0360633185746,52.0360633185746,55.4088061816486,103.604503404551,1320.11118496642,1.00211274288,1575.18124937277,1.00223513312386,1578.60739746479,1.00179294893239,1502.98432333353,1.00029131076833
153.518779270581,"A2WBZ3W4TZNCJL","78%",70,25,0.357142857142857,-78.2147212202472,-76.7901478879094,-75.9599092835302,-75.0616589489711,-74.1938617058347,0.000102992192265481,0.141449510964895,0.480329019739671,0.761935186355021,0.993611483076472,-1.62851449140142,-0.709248208806993,-0.174796321814358,0.367038292274146,1.57763218537827,-0.793961835426212,0.781001953202771,1.55245846631878,2.41008543802301,4.72386622990648,0.722429098108157,-1.17947390004156,2.5903687691071,-73.9949136296909,76.9949136296909,80.3676564927649,153.518779270581,1413.95630592387,0.998566281176058,1302.89066012247,1.00258249610507,1503.34772143931,0.998418101120935,1468.43755718494,1.00216037943149
126.607600135505,"A2WX9BYW5TI8OA","25%",70,40,0.571428571428571,-65.2680786526294,-62.9340479792518,-62.1787065901858,-61.7337904723363,-61.355432259587,0.450207580830305,0.721273222868807,0.844987652872693,0.933964427273581,0.998711355015546,-0.245237398189273,0.198212561119946,0.447388008124697,0.692354854421521,1.19952263924072,-0.392130773859448,0.431224310423252,0.857320426641227,1.28557399293343,2.0440184242287,0.854976271161,0.346006290382655,0.918361702962001,-61.2601787562136,64.2601787562136,67.6329216192876,126.607600135505,1341.49836782973,0.998668948348188,1600,1.00025371423855,1600,1.00113857113989,1600,1.00191732193596
64.7049459300027,"A2Y5DDEPG81LLJ","78%",70,28,0.4,-33.978843400568,-32.1779850603309,-31.6639223801757,-31.3691210721501,-31.0876604326024,0.0219923315148902,0.0552395491492389,0.0903798252927845,0.132770311687357,0.206882059676357,-0.252814626944652,0.629043778935142,1.08425909904818,1.57495371086671,2.81987749830952,0.803015827744011,2.60738840910088,3.77352944503169,5.05685151216244,8.6049435025083,0.157982811904425,-0.779146364958463,9.00233691802733,-30.8457232161015,33.8457232161015,37.2184660791755,64.7049459300027,1333.33786246976,1.00191874011409,1503.20353973753,1.00107655205552,1406.45450022702,0.998914155931153,1503.69111797809,1.0004145451111
116.854003195846,"A2YGAEODJ5SSF6","50%",70,13,0.185714285714286,-60.7109910529191,-56.7595692743677,-55.4020965138598,-54.3895993131148,-53.5806097292856,0.477934487981831,0.764999558549052,0.933666487193913,0.986642994730745,0.999950557317825,1.9039717569196,2.79477930859483,3.34874121934426,3.98586374892659,5.37501870358276,-6.42457187613507,-4.74366192885988,-3.86144181687214,-3.15896016784618,-1.95566587644674,0.999863354089288,4.24728498280389,-5.1086864725317,-53.3489653844642,56.3489653844642,59.7217082475382,116.854003195846,1600,0.999258265707123,1521.15799737489,0.999023593483878,1341.81352461897,0.998137812713245,1360.95765188261,0.998185956627963
139.956539410044,"A319HGTKM0UY0V","78%",70,25,0.357142857142857,-71.9493123546885,-69.617999278722,-68.8141452379979,-68.3731308186574,-67.995539090629,0.0353664544417027,0.163694667834439,0.270681321317137,0.377473833270725,0.759575520339769,-0.274279269413013,0.450515050202052,0.784374440697714,1.12055178022675,1.96284373409619,-1.15650321172463,0.576994551260416,1.43928068384085,2.32126236589312,3.97219633442956,0.0315004063075699,2.67544047670108,-1.97305751549502,-67.7583416824699,70.7583416824699,74.1310845455439,139.956539410044,1467.06985519171,0.99766660320852,1399.18622820953,1.00076383542896,1509.3878985145,1.00123583454874,1588.43928171001,1.0015463269596
113.252771304389,"A31VV1PIYCL1TW","25%",70,30,0.428571428571429,-58.7601339553408,-56.1829238834287,-55.2855109154592,-54.7106409199082,-54.2214362321574,0.104321166798842,0.19526812665509,0.251297468973487,0.333168164643182,0.886212774628885,0.303833109304542,0.882276390765984,1.19108523999414,1.51309265982331,2.29802490285807,-1.49776634897562,-0.10777186064227,0.5653338295626,1.16394484877928,2.17623924823282,0.227572261719578,1.31040831422301,0.295003941171933,-54.1198591785859,57.1198591785859,60.4926020416599,113.252771304389,1600,0.998373062722727,1326.17877094907,0.999159458810808,1482.43715385055,0.998449331915737,1424.98020240634,0.999731938367669
56.20298129018,"A34BY21KX8GMU0","78%",70,32,0.457142857142857,-29.8776742871181,-27.7527380242602,-27.0562496285519,-26.1482227784242,-24.7277013013581,0.0434365476293512,0.178620765965447,0.357465501701318,0.481220172791023,0.684110798267846,-0.537282441067742,0.39719489895374,0.768479335095309,1.12484094930682,1.97869636313154,1.05054065916483,3.47548234856007,5.3511528614622,7.35705155143001,11.7800596313253,0.471371466427752,-0.87840345608315,13.9123363646747,-23.9252067050412,26.9252067050412,30.2979495681152,56.20298129018,1499.80237073786,0.998365684484096,1471.7227746505,1.00504175339172,1600,0.998714053888454,1341.47268629173,1.00072949127255
154.716107678812,"A3941WEC7ZNTWP","50%",70,20,0.285714285714286,-79.0015393217192,-77.0647588323013,-76.8614984912673,-76.7234995299026,-76.6371126466797,1.19642937185496e-06,0.00128729720839571,0.00526868217933278,0.0194322356919572,0.824981370296537,-1.23685905113099,0.368891202813873,1.17779225441804,1.86173034048675,3.71776838370744,-2.38480747714557,0.454695626083595,2.07489950664642,3.33033795044244,6.93601980437187,0.00611398680595072,3.18368372844501,-1.70524340193101,-76.5924082522873,79.5924082522873,82.9651511153613,154.716107678812,1486.59939555828,1.00194014636664,1301.0170359647,1.00190805777804,1519.25738362747,0.998516945268957,1550.2654204822,1.0012020100366
36.548554068738,"A3D2U4QF7821ZW","50%",70,33,0.471428571428571,-20.0976576170844,-18.1610329429746,-17.5386299133813,-17.1956078427203,-16.7558800723216,0.0270995320160562,0.0614939535785255,0.0969624520464823,0.149564317163629,0.317692395716683,0.149055826476228,1.21443155070095,1.72611942318179,2.33992487634022,4.1778164289786,1.05536989763559,2.92930233194838,4.13291917204864,5.73497451348865,11.4466692023004,0.324743573935691,-1.3678767948348,17.7374602537374,-16.0548061211117,19.0548061211117,22.4275489841857,36.548554068738,1570.22675459361,0.99855071065123,1600,0.998770421268914,1399.70184940242,1.00017301766096,1407.32912780243,0.997890078551902
92.5297337680341,"A3DS5B06ZCD3E3","50%",70,39,0.557142857142857,-48.2883311660854,-45.9892233762726,-45.3112969423836,-44.8993952067217,-44.5660876285749,0.401601114868891,0.679578110031438,0.82346946367453,0.943020728410522,0.999722570127684,0.0166416978337993,0.705181472276019,1.06649252611956,1.43337338813137,2.13030534201476,-0.11860535063429,1.22637400116355,2.02197916175371,2.78338019648077,4.31637947858947,0.854516238235917,1.20821971882823,1.45524038604181,-44.4795940623865,47.4795940623865,50.8523369254605,92.5297337680341,1565.82357268933,0.997916666830937,1600,0.999533107790132,1600,0.999633102902559,1600,0.997599783709466
90.9960238394497,"A3E3RCR51Z8EVP","78%",70,48,0.685714285714286,-47.7892260982394,-44.1813544270841,-42.9236789256767,-41.909463535554,-40.5594772632007,0.247582943479619,0.328091781010717,0.381930578561395,0.46199334507819,0.718300787036489,-0.674486497192915,0.0631137954795445,0.464940343885364,0.819851156923565,1.48220020408639,2.8609548097301,4.89522450646559,6.0977217777403,7.48281511320862,10.6495911303343,0.365693332440082,-0.849469799387539,11.8330684044305,-40.162410161495,43.162410161495,46.5351530245691,90.9960238394497,1491.52262617162,1.00002189131642,1444.21002661141,1.00240895484622,1592.07538601166,0.997039013288877,1486.55648004846,0.998351702056147
113.133931294865,"A3EBUBRYCKB6AF","25%",70,37,0.528571428571429,-58.8887473194869,-55.6364724748166,-54.6298848534968,-53.7613440457781,-52.8889607716387,0.0552729033227684,0.486052499383355,0.634511162898129,0.805924335344475,0.991489231135134,-1.87923828577487,-1.11828297254461,-0.741790425654161,-0.41284440927996,0.690639267641664,1.31254667864776,2.25974235865065,2.82259457024203,3.42547860051149,4.85876946699087,0.495448431660487,-1.62976302265396,4.25136579012329,-52.6867624945339,55.6867624945339,59.0595053576079,113.133931294865,1337.75154308452,1.00065540798704,1306.94727088052,1.00107736385423,1525.55134721456,0.998699429954684,1600,0.999708971399028
34.4215241588336,"A3F0NFNLOLFJT0","25%",70,34,0.485714285714286,-18.7230906798138,-17.1647269720501,-16.7499314381194,-16.414810515187,-16.0949182601989,0.162600174515411,0.52985501665326,0.732848430308875,0.879839348633463,0.997826571033324,0.56249651221498,1.26242836473577,1.66009900857449,2.10559674237264,3.20054028109364,0.732054147533675,2.47500362165112,3.53540404533846,4.8395259005427,8.91024970282334,0.571442834239736,1.46851086399896,6.06266698313645,-16.0149530440056,19.0149530440056,22.3876959070797,34.4215241588336,1486.89406099974,1.00154942256118,1565.60270939081,0.999999050865147,1600,0.999056069425679,1600,0.999775912705818
19.4858928684988,"A3FUE8NT14U4RO","50%",70,36,0.514285714285714,-11.3755352001667,-9.66323024604517,-9.10893552232788,-8.81527878481809,-8.5680465972117,0.0577286306811209,0.13755146982603,0.216248453123103,0.323647394101599,0.612094506082022,0.815314593781792,1.76399920474444,2.32062212831595,2.925019454591,4.94789017387391,0.636154136590032,2.75176823648017,3.9643467583929,5.78211757041056,11.7065752689088,0.252479787707832,0.365921409384026,19.3230600975055,-8.21255683513507,11.2125568351351,14.5852996982091,19.4858928684988,1490.9511350138,0.997896663293881,1600,1.00056775146654,1361.29462512355,1.00116960118814,1340.52447195347,1.00050630397777
139.492061655089,"A3G55RJTW3BSGM","78%",70,33,0.471428571428571,-71.8095609299387,-69.4197827310367,-68.7548647680927,-68.3255243449076,-67.9917794383475,0.579115780477363,0.8270335456467,0.925486171011211,0.983779698035233,0.999974206245008,-0.514589429074132,0.269183980025701,0.635629658587341,0.986791295072963,1.65650820637779,-0.551910031514355,0.75402347924813,1.41002589753365,2.04376854973113,3.55280977336017,0.999987418255809,0.653601599912845,1.01141585491323,-67.9183648224957,70.9183648224957,74.2911076855698,139.492061655089,1484.22697114556,0.998622693519946,1408.24804404422,0.997493427398712,1437.36413903619,0.996793404720928,1600,0.99824301040525
131.079990758522,"A3G5FY6NGZWIY7","78%",70,30,0.428571428571429,-67.3714170267063,-65.3602529776685,-64.6014481395939,-64.0872306580878,-63.6565573823585,0.589677240778552,0.861280342996968,0.946759660549992,0.988352823018075,0.99997489789044,-0.156561926549438,0.444684038466306,0.798362008608923,1.09994340200971,1.79589053034836,-0.37650661479291,0.832239638196538,1.46353294386934,2.10989707150889,3.35657292752053,0.999986531375323,1.01301039141221,0.914529892635883,-63.5617768132847,66.5617768132847,69.9345196763588,131.079990758522,1327.04967283943,1.00141949769554,1440.9195045128,1.00164056451693,1584.50248597132,0.999044603902698,1588.98012665099,0.999041377134063
73.6356450448519,"A3G7GSX2R7723Z","25%",70,46,0.657142857142857,-38.6530159273558,-36.6569968953584,-36.0875693851265,-35.7092189517317,-35.3102842324137,0.476517467976506,0.701212213036709,0.812615628464438,0.90966564996315,0.99832761166643,0.317346122504982,0.829285766752,1.13134576457044,1.43033334585452,2.11069119397869,0.076618216603046,1.13821081945803,1.80095210454893,2.46067737991683,3.81242134207335,0.774198381193863,1.29667314142131,1.35823365775872,-35.2419440864885,38.2419440864885,41.6146869495626,73.6356450448519,1403.56528260449,0.99840417768484,1600,0.998172130548127,1463.53145375031,1.00008202582333,1494.62167239404,1.00270618517739
64.8226821475862,"A3GX1M6BYHJOYC","25%",70,40,0.571428571428571,-34.2095659366965,-32.3160138577014,-31.677822504663,-31.1995582475519,-30.7783766454095,0.35233206030886,0.556221143913477,0.708786443954791,0.854454096577023,0.994755310303503,-0.148556125659973,0.424327786972539,0.711572709648265,1.01209543727362,1.61170528308204,1.23049897976031,2.43927729235242,3.16332890412571,4.02830468474344,5.89674903542936,0.764095896449418,0.240225362431688,4.46761665919993,-30.6888710181814,33.6888710181814,37.0616138812554,64.8226821475862,1600,0.999387428594562,1555.13141064708,1.00050845477541,1600,1.00142455818147,1600,1.00032383338042
46.685077802238,"A3H9A9RWEEL8FY","25%",70,32,0.457142857142857,-25.6434042108832,-22.7741780449199,-21.8550772377197,-21.3133116188188,-20.9010610850868,0.0304250588451719,0.06428197171913,0.104334283818431,0.190375145754875,0.57821193991347,-0.114732681411085,0.714604898629705,1.16959053819179,1.68249793982357,3.18118424493287,1.12101638516467,2.67447341871846,3.6346365636184,4.89356131492179,8.27270376524056,0.0264178130887896,2.22058766129779,9.29475886041392,-20.8018778130444,23.8018778130444,27.1746206761185,46.685077802238,1600,0.99890828630248,1405.83479232275,0.999872044488376,1496.39405763584,0.998160288757406,1469.42472035847,1.0021720140053
139.453469317433,"A3J0IAI8AJBGKX","50%",70,40,0.571428571428571,-71.6003982157895,-69.3987990875709,-68.6892200362284,-67.7477127630946,-66.7722568261803,0.00677733886882254,0.0243138696762274,0.126827948431746,0.230275694149904,0.433929138096415,-1.8613707256622,-0.652368618658094,0.0690162390430047,0.896201177370604,2.5617305054337,0.403017007256126,1.90649992627542,2.78034718824724,3.71579739691922,6.45206703337017,0.174117524163768,-1.3112796172959,4.05028550166423,-66.5656547947068,69.5656547947068,72.9383976577809,139.453469317433,1319.71599481534,1.00064684817821,1600,1.00416565458205,1306.4934695738,1.00214554872239,1600,1.00040423233623
155.529834763286,"A3LZCR1FDVSVQ8","78%",70,24,0.342857142857143,-79.6398322939102,-77.5582343858145,-77.0030097760451,-76.8447245497266,-75.1917174612965,6.01975024151028e-06,0.00660525146261187,0.104371444715736,0.454661948366785,0.988914174682236,-2.38366820339066,-0.438523791924946,0.232370757852505,0.769978813337859,2.09099138084127,-2.35830144212176,-0.20208521221043,0.911815950550959,2.27862703452783,5.55151885133184,0.0809091349308416,-4.26836099991932,5.80016068729178,-74.1868729755313,77.1868729755313,80.5596158386054,155.529834763286,1600,0.998538772205087,1521.89415520246,0.998179157353018,1376.98599606184,0.998957903592614,1600,1.00004155568726
145.30711213309,"A3MDWIKJ91HLIY","50%",70,33,0.471428571428571,-74.6745413916113,-72.0856286506008,-71.1819915492898,-70.6395968862342,-70.1968139847603,0.00552176066133192,0.144780988792443,0.206615106770743,0.279455126302736,0.576017543370065,-0.32766339160168,0.501983687089743,0.922385636724251,1.37258958109701,2.37192069849886,-1.30892796851654,0.32160328996473,1.27321166516139,2.11774235385596,3.80215141250883,0.179997131967168,1.06198543672698,0.834034467776058,-70.1051918836404,73.1051918836404,76.4779347467144,145.30711213309,1186.98259550272,1.00125869090571,1532.29157105008,0.998719579765451,1431.61462681622,0.999628869429279,1538.52438277302,1.00105792446022
140.015579893186,"A3MYPYBVHX7FQ2","78%",70,31,0.442857142857143,-72.0240064232534,-69.5090196754292,-68.6957242256712,-68.0680315551103,-67.5441761211412,0.740688449638948,0.908669485569314,0.96313338075682,0.991846023935034,0.999962170746046,0.0342393767964363,0.671498728931546,1.05391488668659,1.3986529832404,2.26468559638703,-1.29153154409227,0.131495810722487,0.760023343365173,1.36949195983337,2.64579273697483,0.999782391883046,1.56530474974185,-0.117943808491192,-67.4278097078104,70.4278097078104,73.8005525708844,140.015579893186,1491.11074185401,1.00036490022576,1387.51221121687,1.00077886235777,1600,0.997403398156896,1600,0.998371087193508
80.0609207622199,"A3NS1DN6J7Z3EU","25%",70,52,0.742857142857143,-41.7698252075516,-39.7458129656664,-39.0806439196812,-38.6332867555842,-38.3136319774665,0.597657445182206,0.816536711910553,0.909490473522589,0.970046623451036,0.999769320765385,-0.0704254080357578,0.485505843539499,0.741198632248945,1.00568826186461,1.54152001001021,0.360326820615307,1.44019014059492,1.98846045481131,2.64301873469805,4.04463848298188,0.982361957442703,0.695668540756916,1.88479447028006,-38.2586894952398,41.2586894952398,44.6314323583138,80.0609207622199,1584.41692405137,0.999717816596041,1600,0.998761598298004,1600,1.00019562804522,1600,0.999839118724923
110.051775705694,"A3OV174HQJIJK8","78%",70,25,0.357142857142857,-57.1827469212023,-54.6732019026216,-53.9678100679715,-53.4761618332618,-53.085542767023,0.259718614099788,0.330959341125577,0.367872286689299,0.40707017925329,0.493269377018381,0.236210167750569,0.8328869138299,1.19361762064484,1.60930769264219,2.45989922606959,0.870880340538619,2.53906593897326,3.47972435161484,4.40745310178663,6.46785366829349,0.361568703534156,1.36543035336973,3.53044586563849,-53.0164104935577,56.0164104935577,59.3891533566318,110.051775705694,1459.52810344282,0.999890717274885,1600,1.00046757134583,1600,1.00367742979514,1411.22153015792,1.00071256233804
118.816920501092,"A3P79MY5ZYQA41","78%",54,25,0.462962962962963,-61.3667386626142,-59.2430391554852,-58.6441085186711,-58.2166636167025,-57.5869900303752,0.000283178389074073,0.0235808700854453,0.205797685817438,0.52359093201438,0.989012007445511,-0.381538303864598,0.297237915632701,0.653427485174389,1.03967626541069,2.07781991177776,-2.95363851459585,-0.758553265059018,0.384086217857344,1.62659730150651,5.15329189762475,0.080879289362329,0.985267795517707,-0.895776431660919,-57.4249936508943,60.4249936508943,63.4084697207407,118.816920501092,1456.24970634723,0.999954256252787,1566.92959706994,1.00313151792459,1323.89436245307,1.00485501971223,1600,0.997316715070837
152.545479143632,"A3SCEZTWZYV3BC","50%",70,27,0.385714285714286,-77.9155794890592,-76.1805340524762,-75.5210943597509,-75.2090752167957,-75.0964586177362,0.000152538512025715,0.00506900941889035,0.0121895406226303,0.043364400592827,0.939208119508699,-1.19158797158235,0.405660322676558,1.15720140053477,1.82152326775963,3.76626145577448,-1.53657675704434,0.817199737663716,2.10419635871349,3.32377945358701,6.4130952158331,0.037931589354529,0.288763350419467,1.40232717153763,-75.0679569866319,78.0679569866319,81.440699849706,152.545479143632,1430.26956069116,1.00240919554297,1272.72726452978,1.00020896434063,1550.15352359177,1.00004501410318,1552.7776509678,1.00137379246977
144.450413869541,"A3TK7HVFEKB00R","78%",70,34,0.485714285714286,-74.2835651026613,-72.0079977827053,-71.2279155185867,-70.6713206521751,-70.1638077610661,0.301658277401967,0.413888068319018,0.495529375918958,0.595332675777638,0.911305442826159,-0.0149810642040533,0.671691776377467,1.01633222309426,1.38450804611029,2.18207086347503,-1.27068292562995,0.34476440065792,1.19958687903541,2.10063034183087,3.63319925545085,0.497555140563585,1.73638954222987,0.0980004974667179,-70.0330217390256,73.0330217390256,76.4057646020996,144.450413869541,1492.44017719872,1.0016967714145,1393.06188576281,1.00081656357508,1600,0.999025082273118,1513.86615429379,0.998537705145211
48.9597283648813,"A3W6T1WDYXMR3","50%",65,30,0.461538461538462,-26.2547443522581,-24.2262228128707,-23.7504377086934,-23.4617272921877,-23.2313644948386,0.540612556321741,0.791101442274052,0.894196684764837,0.971804839114695,0.999883827768244,0.551721691139575,1.30926340410358,1.7554198621248,2.25691137260819,3.21082305342418,0.887096974348606,2.5970866260338,3.58683693142651,4.77519806671657,7.7181280069137,0.890518681920922,1.54879379980032,4.6539834586584,-23.1715305565774,26.1715305565774,29.4331114614208,48.9597283648813,1525.79407033603,1.00363138321211,1600,1.00180542032954,1549.64005824201,0.998773218944048,1600,0.996983644016243
141.733982228144,"A5T9IFDZ3W4T6","50%",70,33,0.471428571428571,-72.686281723698,-70.6125838818171,-68.9606627541125,-68.2692635700527,-67.5893009985945,0.00975348395589101,0.202603927058018,0.495921856403712,0.744882422514394,0.996213162469793,-2.09864004588691,-0.913563675642334,-0.414837768121704,0.170979297748868,2.18479436778059,0.529905345315797,1.82573255858514,2.5173114530523,3.26811925007794,5.83473745724039,0.400840475400275,-1.82301781719254,4.19589080731851,-67.438732931998,70.438732931998,73.8114757950721,141.733982228144,1290.74873379579,0.998563839217901,1474.05399299909,1.00081455296643,1139.37369369941,1.00005025905006,1334.04256422594,1.00319121992672
68.6102891682355,"A6NNTKY436XR8","50%",70,35,0.5,-36.4006689409709,-33.9627336995863,-33.2096240495513,-32.5430844523244,-30.8215526302198,0.0640842391675821,0.182365032056811,0.251016490342912,0.313975242486411,0.413352595779719,0.592239377820741,1.29063682437103,1.69279035186109,2.11960818599432,3.61360838401674,-2.48720581536521,0.438070698391995,1.66781026767948,2.69163226924496,4.65935952431062,0.0589096734386997,5.27768937666039,-4.76170965915512,-29.3625713300837,32.3625713300837,35.7353141931577,68.6102891682355,1600,0.996685998442982,1600,0.998140566724248,1600,0.999346431137498,1600,0.998232226934322
81.0566836236268,"A7RQ5DNXWAA74","25%",70,60,0.857142857142857,-42.3189421266233,-40.3635112548807,-39.661528965301,-39.1510039897628,-38.7176390742609,0.268897005233701,0.475336399504037,0.634686680441421,0.80728572184314,0.987518988641238,0.260956158209817,0.773165283213477,1.01921091548572,1.28467176825423,1.83041493111489,-0.00756432633224384,0.974533482328575,1.48807280614176,2.05841357237188,3.304713196523,0.513910718209367,1.15772149365642,1.03605300024103,-38.6230120983052,41.6230120983052,44.9957549613793,81.0566836236268,1479.44333199202,0.997006641269655,1523.3793586669,0.99961988739204,1600,0.998933915247082,1600,0.99875752845824
122.525622583229,"A8DGMANJAHWYX","78%",70,36,0.514285714285714,-63.1099226215058,-61.0506563196534,-60.4157244154079,-59.9857790049848,-59.6682341874263,0.661817442347551,0.858288723265165,0.942209903700205,0.984900692517342,0.99996730757587,-0.316378182674103,0.390786944503589,0.71415139875716,1.02211452325212,1.65538373265011,0.757447804957356,2.15873986164013,2.92919044292001,3.64505662842278,5.55171518290244,0.99844000348326,0.442659051826702,3.03035485504495,-59.6054892220522,62.6054892220522,65.9782320851263,122.525622583229,1600,0.998000226322505,1600,1.00045638874439,1600,0.999505081220226,1600,1.00160444684729
88.6712549679017,"A8L450UGY77XB","50%",69,45,0.652173913043478,-46.0530176840844,-44.2754005976613,-43.5194997710831,-43.0444478555269,-42.6221644671149,0.556422767398364,0.713967589436277,0.799112604969904,0.880184225192436,0.995182926817056,0.488759977314013,1.10291386792209,1.46981647552569,1.84444222796452,2.64929980040396,0.137513171985497,1.56214806752711,2.36809357650346,3.17113162489808,4.69784727967541,0.769571881824296,1.61151141328532,1.93794176205508,-42.5278547834612,45.5278547834612,48.8790145403571,88.6712549679017,1579.42568281525,0.999726890252003,1549.99579727639,0.998844855994314,1072.18420281253,1.00237505269601,1339.03366778337,1.0008984239693
64.400998083183,"A9HQ3E0F2AGVO","50%",68,50,0.735294117647059,-34.2250590640687,-31.8649550034535,-31.017490245293,-30.2843652544838,-29.5539737286127,0.490248432974693,0.647659261514562,0.736407050459384,0.840123718010684,0.994350451673627,0.888052924434772,1.5317153542161,1.91343611162193,2.34091475736303,3.36045519720025,-1.42534171179741,0.280906710310978,1.11961502809601,1.90224041904474,3.22998778333061,0.709255131497877,2.65351125877075,-0.491401088344515,-29.3890956304645,32.3890956304645,35.7183571882287,64.400998083183,1381.03539618437,0.998183085765937,1573.05868950837,1.00244999186052,1600,1.00010956043671,1600,1.00046968329686
10.3755430609392,"ABMX8XUNPR3LP","50%",70,38,0.542857142857143,-7.12387267542768,-4.93003835353591,-4.28493653430416,-3.80446456531858,-3.31013262588846,0.0889696020370613,0.23372636074125,0.35898864398205,0.484900078762749,0.676720859484671,1.12964657433057,2.081224500657,2.74159930563968,3.63407272774753,7.36959736056143,0.385269035133161,2.48903049725731,3.6883531890585,5.32404177584492,11.3047358410974,0.603834284648445,11.16427805589,3.20486545663845,-2.98683011694507,5.98683011694507,9.35957298001911,10.3755430609392,1600,1.00001047771407,1596.11470549819,1.00223593251179,1600,0.998282416670252,1587.949701876,0.998584518487966
79.4731740475629,"ACM517GLZPTV3","25%",70,60,0.857142857142857,-41.7743784810104,-39.466344907372,-38.781830443167,-38.347951677083,-37.9429446316555,0.400679748387383,0.659958011189323,0.797322328928597,0.910628176617813,0.998143710589108,0.192788637679853,0.764167419642414,1.02426404655807,1.28585758064774,1.82794307527169,-0.133063150172151,0.873417966269156,1.41571901852551,1.97811969821607,3.11554388913389,0.792035504906645,1.20645298501527,0.84351778919707,-37.867964799489,40.867964799489,44.240707662563,79.4731740475629,1600,1.00050988122474,1600,0.9978314128769,1463.90841218128,1.00316319860014,1534.19270177831,1.00040548331399
147.510203484905,"ACWGD3ZOAY2EC","50%",70,29,0.414285714285714,-76.8799185401528,-72.8400578482117,-71.8244414163679,-71.1496592300689,-70.4990269325303,0.0892123533409868,0.230593630203156,0.302514826592318,0.400404324421536,0.877341434605229,-1.33823309701609,-0.359774114200751,0.118072586206456,0.58107853378107,1.60476072346109,-0.216359186326083,1.22797361084654,1.96033566195791,2.77436971776659,4.4524640619338,0.26797220842647,-0.485964486194558,2.7644744052107,-70.3741838848403,73.3741838848403,76.7469267479143,147.510203484905,652.791068166384,1.00546047727723,1055.3861799702,0.999790060027536,978.494840638044,1.00298568097326,1410.40271055614,0.999834881954418
141.106866040104,"ADORQ9L093MIA","78%",70,26,0.371428571428571,-72.4755641643162,-70.2365077040247,-69.5032708346916,-69.0621059106358,-68.4976919051271,0.00958109544338615,0.170092205296087,0.296117150730802,0.45079492063934,0.786021257005736,-0.242609560007435,0.578980446983683,0.954418390041873,1.40983610524725,2.49567754234566,-1.69855088312576,0.240304603843741,1.13338962823161,1.95624560561701,3.65729654195127,0.588228705951981,3.5167552236919,-3.20860308388278,-67.5098826597669,70.5098826597669,73.882625522841,141.106866040104,1600,0.999832561308912,1526.64733885531,1.00077258769457,1600,0.99977322109526,1600,0.997362962333501
59.8667665282248,"AEKCK3L7OKCY9","25%",70,28,0.4,-31.9843740389148,-29.5758245661803,-28.8478918533308,-28.4225308795924,-28.1634398921502,0.0616643717384083,0.173729630568214,0.293110824227249,0.4472354539012,0.742637847188606,-0.14138496436341,0.808558784033385,1.27647855107853,1.78638776756913,2.92416504957974,1.01768917302378,2.63805721106262,3.66197113864407,4.77457489678364,7.70939226605379,0.376583781400299,-0.0214314615361008,7.13380359128146,-28.0968566782502,31.0968566782502,34.4695995413243,59.8667665282248,1600,0.999987235097516,1579.39852672996,1.00153716726647,1600,1.00570550558993,1493.08261094911,1.00129256169589
54.9744454299603,"AEWYDJH6TFBCW","50%",70,55,0.785714285714286,-29.2203849200225,-27.3280558584217,-26.8331316268318,-26.5323022705697,-25.9801884904592,0.65107851280014,0.823375320166038,0.905860632627907,0.972587325360537,0.999979525582158,0.652144083858338,1.54986742200487,2.02674829379378,2.58132174669458,4.0087427332618,0.927730943162684,2.96094923477919,4.18234118539859,5.7478325912921,10.2163545756388,0.702087695665556,0.699559367018472,13.8955485502117,-25.5448297380435,28.5448297380435,31.9175726011175,54.9744454299603,1520.19661419251,1.0035761543754,1359.87986449601,1.00075896316103,1585.10959794507,0.998232583914115,1501.78696921694,1.00365705689855
90.680612942351,"AIC8CB12DQC0K","78%",70,56,0.8,-47.5710133358149,-44.4999182227552,-43.4139527186262,-42.4871735174909,-41.252874049813,0.265372106115192,0.342244012597874,0.393801695464462,0.456661556695303,0.603212262009081,-0.828716366518371,0.135339215453885,0.559631439873143,0.964579938751923,1.72534612739846,3.03265834873689,5.2043979080879,6.45332600303007,8.02136334388694,11.5279120961337,0.400416537050979,-1.1859676307725,12.6924433824987,-40.6998935484716,43.6998935484716,47.0726364115456,90.680612942351,1409.97051830762,0.998555170697094,1600,1.00086475618994,1435.50505460291,0.999942413837989,1600,0.99929993138486
24.4902815633951,"AJ34WB9Z37ILU","25%",70,35,0.5,-14.3765876429149,-11.9062524913415,-11.1789809590513,-10.713352377371,-10.2531920219656,0.499274738304487,0.723907640196196,0.829115166538613,0.917485183391562,0.997054456997279,0.699372007915897,1.53371097264361,2.02882121245564,2.65543948507181,4.13107275827624,0.984366690549156,2.78458124417254,4.02860663333944,5.71245558407384,11.0685774416822,0.849131125435035,2.54045191299387,6.75813347135791,-10.1455140290176,13.1455140290176,16.5182568920916,24.4902815633951,1600,0.999897535651654,1600,1.00155168106454,1555.94903446397,1.00048710612169,1554.54067437409,0.997669163700439
127.411274455853,"AJFCCRG1TM3WT","78%",70,32,0.457142857142857,-65.969658116817,-63.2684357646611,-62.4163953318578,-61.8849520866278,-61.1546355709505,0.0147260379159225,0.196918154564134,0.316406521316247,0.435178587879249,0.719420942489037,-0.466215263997203,0.213418301349575,0.572646092504288,0.882869379820351,1.73231743555158,-0.0461000611764695,1.87078282324215,2.81028333136929,3.82851091199213,5.81167550495998,0.28635014352405,-0.305944821423345,5.34112120735811,-60.9678713837063,63.9678713837063,67.3406142467803,127.411274455853,1600,0.997936687439581,1600,1.00011705993649,1596.47053499114,1.00098766363555,1600,1.00006414829958
82.1537770678153,"AKYXQY5IP7S0Z","50%",70,55,0.785714285714286,-42.974284724184,-40.8004470643773,-40.1824590057396,-39.7707247667618,-39.2763716338856,0.579600008918488,0.772141930717524,0.871856667404106,0.949040628319382,0.999655461221017,0.634613338922102,1.39085331185521,1.81207224446138,2.20984042675737,3.17630354356553,-0.283800774792758,1.42256899605745,2.23551296499845,3.05633167649615,4.66216503493121,0.874176984932598,2.58658116997723,0.587688059980994,-39.1541883613358,42.1541883613358,45.5269312244099,82.1537770678153,1506.5895368676,0.998874713016647,1523.51775842527,0.998915099307778,1600,0.998213421483959,1600,0.998876055833404
151.024483751707,"APUPF3D94XYUQ","78%",70,31,0.442857142857143,-77.1916527040496,-75.3322959369406,-74.4254085756082,-73.9835806765066,-73.4646112818802,0.00335446166612328,0.462627345344472,0.765738420415586,0.925815102893495,0.999639102187774,-0.857241008793702,0.16735530383229,0.564835563213842,0.981236492743144,1.80948416845186,-1.34627598369147,-0.167268860249993,0.494975246096528,1.25411538152641,3.6393050031283,0.999938517263316,1.04483566086193,-0.490690555884812,-73.3198793011294,76.3198793011294,79.6926221642035,151.024483751707,1456.16387567748,1.00018363629698,1517.46625751897,1.00045794004582,1600,0.997709546006216,1508.65592000159,0.999257571303287
8.97076570101723,"APYVHMR93BEMG","50%",70,40,0.571428571428571,-6.53345691407025,-4.19885777942143,-3.34727344116167,-2.77446802654851,-2.26430490158371,0.063449609174637,0.156877028324217,0.219141557941904,0.292300535941757,0.411970893359764,1.27481325863909,2.32427823876291,3.0815171379089,4.08481436490805,7.78405919865078,-0.0778752326440555,2.33585083375099,3.62726021328054,5.18989196180176,10.6038437578341,0.291609270464587,18.9808544719315,0.408350645441998,-2.19725456784914,5.19725456784914,8.56999743092318,8.97076570101723,1570.97643244572,1.0003379361189,1600,0.999002939899446,1396.548919364,0.998061195938938,1397.24317103703,1.0048059116297
9.85342524904853,"ARRUJ85BK6Z4R","78%",70,40,0.571428571428571,-6.76218348074551,-4.61436353345658,-3.65852370488215,-2.98479454533006,-2.31570916902951,0.0869301922196358,0.203098674809056,0.292979754465329,0.383787500236706,0.544380450123994,0.73008637796309,1.56623005744935,2.23774592101129,3.12349188496879,6.43828700976654,-0.183745459795059,2.21632727995284,3.83436916356448,5.92308426895119,15.7645311799978,0.443518523387154,9.94310996572814,6.86026167432695,-2.20131616485101,5.20131616485101,8.57405902792505,9.85342524904853,1477.39406105645,0.999821672128795,1600,0.999998451378753,1394.96878260889,0.998321170384959,844.244522911565,1.0103779424791
148.477025267595,"ATOAZIAM04AXA","78%",70,20,0.285714285714286,-76.5473454094205,-73.2548460093219,-72.1765964049162,-71.5427906691621,-71.0470641203648,0.0197088003549526,0.71284463605014,0.860330534268832,0.961265985446016,0.999779443559812,-1.19272088240626,-0.596074438495771,-0.267595472159568,0.033746706247674,0.809820388109417,0.0447906768776238,1.2012509208975,1.77542598314623,2.38162804963648,3.70735355173677,0.881501265140477,-0.663707649935063,2.36609169333051,-70.9418589478218,73.9418589478218,77.3146018108958,148.477025267595,1123.40514741303,1.0108517746045,1128.2404954859,1.00464612711857,1134.55675090999,1.00641874981898,1600,0.997783026981561
132.384639211859,"AU01P6YB9J5JX","78%",70,29,0.414285714285714,-68.2819396941723,-65.8779000543324,-65.1025786738534,-64.4885103694548,-64.0048471910092,0.769780698468556,0.920698513242968,0.967598751226728,0.992860098007458,0.999980140952983,0.15959604561635,0.79325985707208,1.14815656301032,1.52219586239039,2.36072777593214,-1.48026776254559,0.00421832462144617,0.653587358881733,1.27679272885938,2.41137282287851,0.999634294442485,1.64621650635782,-0.226155306017385,-63.9160916005937,66.9160916005937,70.2888344636677,132.384639211859,1599.29334835557,1.00649513672628,1128.4329144885,1.00698432718081,1600,0.999099227999252,1600,1.00145996737636
47.0616799847019,"AV22FQTJNBUZT","50%",70,30,0.428571428571429,-25.3451884595166,-23.2823214449352,-22.4531057667086,-21.6311214447074,-19.9571582597323,0.0335627265858345,0.112454061657258,0.636293639696448,0.801994897589346,0.989582912934505,-0.103108134449645,1.15516390089876,1.65709011361793,2.20298401324686,3.56215293618697,1.62169850740518,3.82410032860277,5.47359245013486,7.57769643976328,13.4516729845063,0.790203893309037,-0.362547594089321,19.5149593125166,-19.0649351992813,22.0649351992813,25.4376780623553,47.0616799847019,1318.04205440596,1.00009436475066,839.286996083291,1.00490260441043,1560.08829055996,0.998031030100143,1314.41998624999,0.998129035845644
60.7439841344607,"AVQGY7FCU80XP","25%",70,27,0.385714285714286,-32.1687485475081,-30.1194093394102,-29.602590646899,-29.2758902960111,-28.5969162377737,0.0390171429745415,0.0913691939520375,0.145707184917134,0.214615771053054,0.391712745641631,-0.696337467555919,0.505391805941233,0.964638504632843,1.44662648130247,2.65381326738499,0.812803210388545,2.3637208009383,3.29742107179621,4.35953980481936,7.30952388606741,0.358516322911695,-1.07203090716162,8.453733602361,-27.8778328565414,30.8778328565414,34.2505757196154,60.7439841344607,1600,1.00032594167404,1544.14696538974,0.999064477411477,1520.47457580684,0.997716687522443,1476.53241705978,0.99811752447407
133.469744434412,"AX3MVCU5MEFED","25%",70,24,0.342857142857143,-69.0410421438266,-65.983082730502,-64.9952399886275,-64.3286387144313,-63.7516860832238,0.518158559511697,0.820359032871111,0.921906346552334,0.97681358808701,0.999827328522248,-1.95959397616105,-1.34786500020185,-1.05240387775063,-0.777411901914779,-0.29912573385929,1.20628381767466,1.90885684552447,2.34755917582526,2.76241992570504,3.68489248016318,0.999570802044114,-1.26325365682943,2.63375436749599,-63.6406414959212,66.6406414959212,70.0133843589953,133.469744434412,1578.48807736199,0.998340052048523,1600,0.999232234204458,1600,0.997698400401631,1557.45005780089,0.997359649847722
154.628811699486,"AYSG3J2U3UF1Y","78%",70,23,0.328571428571429,-79.1591474957764,-77.1505721731351,-76.8303238802926,-75.9122807028626,-74.5532325897753,3.09329320321336e-06,0.009437667583459,0.251902142295219,0.734451835577906,0.996510280092342,-2.73464727644496,-0.894250845506718,-0.216966947837651,0.467724338108554,2.00044231034929,-2.76522114187128,0.260927848596938,1.2018594733557,2.16448503800066,5.13332206551579,0.186482619527477,-4.18261595592399,5.46697040860094,-73.66105080956,76.66105080956,80.033793672634,154.628811699486,1291.79344187964,1.0011243329686,1429.73854621913,1.00553874586869,1478.91031710032,1.00131875825221,1511.47652772553,0.999374294578446
68.1908923029557,"AYUREWGFQG5JV","50%",70,27,0.385714285714286,-36.503712593984,-33.4469561199894,-32.7104309362029,-32.1477789382246,-31.7133615222506,0.386336678098117,0.636122740247871,0.719274685138913,0.799996789286991,0.952868227267325,0.0692074893884694,0.800337635572673,1.19097991186446,1.54799327329398,2.30600380599557,0.955494593811666,2.41736712553082,3.16497063092341,3.96613771344417,5.80757393908856,0.696430147206722,0.888699233987793,3.62889039213336,-31.6316332311964,34.6316332311964,38.0043760942705,68.1908923029557,920.710857421097,1.00309118748438,786.999948543123,1.00432314510584,1414.57754609356,0.99959671203212,1446.40690463198,1.00135760464588
69.2072369841238,"AZ9BZONG644TU","50%",70,57,0.814285714285714,-36.186034914128,-34.6060102276227,-33.8191520828021,-33.3491558171131,-32.9578171107186,0.346498582035987,0.519364404597649,0.623864674990184,0.753022807635446,0.992907306877253,0.420132899129448,1.09747176322354,1.43334592220118,1.80428652042124,2.58809024784389,0.611551584933196,2.10726682653341,2.96187109222404,3.7883626001173,5.82166165259709,0.580393171168643,1.16295988010982,3.54928743806722,-32.893295654952,35.893295654952,39.266038518026,69.2072369841238,1498.08686787425,1.00249960471057,1476.40693148855,1.00124169992567,1523.84513574393,1.00013543234943,1582.63145863973,0.997117793411366
